{"cameraMode":{"drawMode":0,"name":"Shaded","section":"Shading Mode"},"sceneLighting":false,"audioPlay":false,"sceneViewState":{"showFog":true,"showMaterialUpdate":false,"showSkybox":false,"showFlares":true,"showImageEffects":true,"showParticleSystems":true},"in2DMode":false,"pivot":{"x":-0.04796314239501953,"y":0.27718591690063479,"z":-0.015508651733398438},"rotation":{"x":-0.01038886234164238,"y":-0.1449793428182602,"z":-0.0015223363880068064,"w":0.9893792271614075},"size":4.200016975402832,"orthographic":false}